sample_id,task,reference,submission,true_score,baseline_pred_score,fine_tuned_pred_score,baseline_rationale,fine_tuned_rationale,raw_fine_tuned_output
0,Customer received a duplicate order and asks what to do.,"We apologize that you received a duplicate order. We will review the order and payment details to confirm whether this was an error. If you were charged twice, we will arrange a refund, and we will provide instructions for returning the duplicate item if needed.","We apologize that you received a duplicate order. We will review the order and payment details to confirm whether this was an error. If you were charged twice, we will arrange a refund and provide instructions for returning the duplicate item if needed.",4,4,4,"The submission meets all the requirements of the rubric. It shows understanding and apologies for the inconvenience, provides correct and relevant information about the process for handling duplicate orders, and offers a clear solution by arranging a refund and providing instructions for returning the duplicate item if needed. The tone is polite and professional.","The reply is clear, empathetic, and provides a complete resolution path. It acknowledges the issue, explains the review process, and provides clear next steps for both refunds and returns.","You are an expert evaluator for customer support replies.
Evaluate the quality of the submission.
Return ONLY valid JSON.

Format:
{
    ""score"": integer from 0 to 4, where 0 is the worst and 4 is the best,
    ""rationale"": ""short explanation""
}

Task:
Customer received a duplicate order and asks what to do.

Reference:
We apologize that you received a duplicate order. We will review the order and payment details to confirm whether this was an error. If you were charged twice, we will arrange a refund, and we will provide instructions for returning the duplicate item if needed.

Submission:
We apologize that you received a duplicate order. We will review the order and payment details to confirm whether this was an error. If you were charged twice, we will arrange a refund and provide instructions for returning the duplicate item if needed.

Rubric:
1. Shows understanding and apology
2. Provides correct and relevant information
3. Provides clear solution or next step
4. Uses polite and professional tone

### Response:
{""score"": 4, ""rationale"": ""The reply is clear, empathetic, and provides a complete resolution path. It acknowledges the issue, explains the review process, and provides clear next steps for both refunds and returns.""}"
1,Customer complains about poor product quality.,We are sorry to hear that the product did not meet your expectations. We take quality issues seriously and would like to help resolve this. Please share more details or images so we can investigate and offer a replacement or refund if eligible.,The product may not be defective. Sometimes issues happen due to usage. Please send a photo so we can check the situation.,2,2,2,The response does not show a clear understanding of the issue and does not offer a satisfactory solution. It suggests that the issue might be due to usage and asks for a photo without providing a clear explanation of how the photo will help resolve the issue.,The reply mentions a possible usage issue but lacks empathy and does not explain the investigation process clearly.,"You are an expert evaluator for customer support replies.
Evaluate the quality of the submission.
Return ONLY valid JSON.

Format:
{
    ""score"": integer from 0 to 4, where 0 is the worst and 4 is the best,
    ""rationale"": ""short explanation""
}

Task:
Customer complains about poor product quality.

Reference:
We are sorry to hear that the product did not meet your expectations. We take quality issues seriously and would like to help resolve this. Please share more details or images so we can investigate and offer a replacement or refund if eligible.

Submission:
The product may not be defective. Sometimes issues happen due to usage. Please send a photo so we can check the situation.

Rubric:
1. Shows understanding and apology
2. Provides correct and relevant information
3. Provides clear solution or next step
4. Uses polite and professional tone

### Response:
{""score"": 2, ""rationale"": ""The reply mentions a possible usage issue but lacks empathy and does not explain the investigation process clearly.""}"
2,Customer wants to delay the delivery date because they will not be home.,"We understand that you would like to delay the delivery date. We will check whether the shipment can still be rescheduled with the courier. If rescheduling is available, we will help update the delivery date. If not, we will suggest the best available delivery options.",You should plan to be home when the order arrives.,1,0,1,The submission does not address the customer's request and instead gives a general advice. It does not provide any useful information or solution.,The reply gives a partial next step but is unhelpful and unprofessional.,"You are an expert evaluator for customer support replies.
Evaluate the quality of the submission.
Return ONLY valid JSON.

Format:
{
    ""score"": integer from 0 to 4, where 0 is the worst and 4 is the best,
    ""rationale"": ""short explanation""
}

Task:
Customer wants to delay the delivery date because they will not be home.

Reference:
We understand that you would like to delay the delivery date. We will check whether the shipment can still be rescheduled with the courier. If rescheduling is available, we will help update the delivery date. If not, we will suggest the best available delivery options.

Submission:
You should plan to be home when the order arrives.

Rubric:
1. Shows understanding and apology
2. Provides correct and relevant information
3. Provides clear solution or next step
4. Uses polite and professional tone

### Response:
{""score"": 1, ""rationale"": ""The reply gives a partial next step but is unhelpful and unprofessional.""}

### Human Review:
The reply is unprofessional and unhelpful. It shifts blame to the customer and gives no real solution. A professional response would check whether rescheduling is available and provide a clear next step."
3,Customer says a discount or coupon code they applied did not work and they were charged the full price.,We are sorry to hear that your coupon code did not work as expected. We understand how frustrating that must be. We will apply the discount manually and refund the difference to your account within 2 to 3 business days. Please do not hesitate to contact us if you need any further assistance.,Coupons expire. Yours was probably not valid anymore.,1,1,1,The response does not show understanding or apology for the customer's issue. It also does not provide a correct or relevant solution or next step. The tone is not polite or professional.,"The reply is dismissive, unhelpful, and unprofessional. It blames the customer and provides no useful resolution or apology.","You are an expert evaluator for customer support replies.
Evaluate the quality of the submission.
Return ONLY valid JSON.

Format:
{
    ""score"": integer from 0 to 4, where 0 is the worst and 4 is the best,
    ""rationale"": ""short explanation""
}

Task:
Customer says a discount or coupon code they applied did not work and they were charged the full price.

Reference:
We are sorry to hear that your coupon code did not work as expected. We understand how frustrating that must be. We will apply the discount manually and refund the difference to your account within 2 to 3 business days. Please do not hesitate to contact us if you need any further assistance.

Submission:
Coupons expire. Yours was probably not valid anymore.

Rubric:
1. Shows understanding and apology
2. Provides correct and relevant information
3. Provides clear solution or next step
4. Uses polite and professional tone

### Response:
{""score"": 1, ""rationale"": ""The reply is dismissive, unhelpful, and unprofessional. It blames the customer and provides no useful resolution or apology.""}"
4,Customer requests an invoice for a previous order.,"We will be happy to help you get an invoice for your previous order. Please provide the order number or the email used for the purchase, and we will send the invoice to your registered email address as soon as possible.","Please provide your order number, and we will send the invoice to your email.",3,3,3,"The submission correctly asks the customer to provide their order number and promises to send the invoice to their email. However, it lacks an apology or expression of understanding for the customer's request.",The reply is correct and helpful but lacks empathy and a polite closing.,"You are an expert evaluator for customer support replies.
Evaluate the quality of the submission.
Return ONLY valid JSON.

Format:
{
    ""score"": integer from 0 to 4, where 0 is the worst and 4 is the best,
    ""rationale"": ""short explanation""
}

Task:
Customer requests an invoice for a previous order.

Reference:
We will be happy to help you get an invoice for your previous order. Please provide the order number or the email used for the purchase, and we will send the invoice to your registered email address as soon as possible.

Submission:
Please provide your order number, and we will send the invoice to your email.

Rubric:
1. Shows understanding and apology
2. Provides correct and relevant information
3. Provides clear solution or next step
4. Uses polite and professional tone

### Response:
{""score"": 3, ""rationale"": ""The reply is correct and helpful but lacks empathy and a polite closing.""}

### Human Review:
The reply is correct and gives the customer a clear next step, but it lacks a warm and professional tone. A simple ""We will be happy to help you get the invoice"" or a similar polite closing would make the response more complete and professional."
5,Customer reports that an item is missing from their delivered order.,We apologize for the missing item in your order. We understand how frustrating this must be. We will ship the missing item to you right away at no extra cost. Please expect it within 2 to 4 business days and let us know if there is anything else we can help you with.,We will check on the missing item and get back to you shortly.,2,2,2,"The submission does not fully meet the requirements. It does not provide a clear solution or next step, and it does not show a clear understanding or apology for the issue.","The reply is brief and gives a partial next step, but it lacks empathy and does not provide a clear timeline or apology.","You are an expert evaluator for customer support replies.
Evaluate the quality of the submission.
Return ONLY valid JSON.

Format:
{
    ""score"": integer from 0 to 4, where 0 is the worst and 4 is the best,
    ""rationale"": ""short explanation""
}

Task:
Customer reports that an item is missing from their delivered order.

Reference:
We apologize for the missing item in your order. We understand how frustrating this must be. We will ship the missing item to you right away at no extra cost. Please expect it within 2 to 4 business days and let us know if there is anything else we can help you with.

Submission:
We will check on the missing item and get back to you shortly.

Rubric:
1. Shows understanding and apology
2. Provides correct and relevant information
3. Provides clear solution or next step
4. Uses polite and professional tone

### Response:
{""score"": 2, ""rationale"": ""The reply is brief and gives a partial next step, but it lacks empathy and does not provide a clear timeline or apology.""}"
6,Customer says their warranty claim was rejected and asks for clarification.,"We understand that you would like clarification about the rejected warranty claim. We will review the claim decision and explain the reason clearly. If any required documents or photos are missing, we will let you know how to resubmit the claim for another review.","We understand that you would like clarification about the rejected warranty claim. We will review the claim decision and explain the reason clearly. If any documents or photos are missing, we will guide you on how to resubmit the claim for another review.",4,4,4,"The submission shows a clear understanding of the customer's request, provides correct and relevant information, and offers a clear solution or next step. The tone is polite and professional.","The reply is clear, polite, and gives a detailed next step. It explains the review process and provides a helpful guide for resubmitting the claim.","You are an expert evaluator for customer support replies.
Evaluate the quality of the submission.
Return ONLY valid JSON.

Format:
{
    ""score"": integer from 0 to 4, where 0 is the worst and 4 is the best,
    ""rationale"": ""short explanation""
}

Task:
Customer says their warranty claim was rejected and asks for clarification.

Reference:
We understand that you would like clarification about the rejected warranty claim. We will review the claim decision and explain the reason clearly. If any required documents or photos are missing, we will let you know how to resubmit the claim for another review.

Submission:
We understand that you would like clarification about the rejected warranty claim. We will review the claim decision and explain the reason clearly. If any documents or photos are missing, we will guide you on how to resubmit the claim for another review.

Rubric:
1. Shows understanding and apology
2. Provides correct and relevant information
3. Provides clear solution or next step
4. Uses polite and professional tone

### Response:
{""score"": 4, ""rationale"": ""The reply is clear, polite, and gives a detailed next step. It explains the review process and provides a helpful guide for resubmitting the claim.""}"
7,Customer says the price changed after adding an item to the cart.,"We understand your concern about the price changing in your cart. Prices may change due to promotions ending, taxes, shipping fees, or regional pricing. We will review the item and cart details to confirm the reason and help you with the correct available price.","Prices can change because of taxes, shipping fees, or promotions. Please send the item details and we will check the correct price.",3,3,3,"The submission acknowledges the issue and provides relevant information about possible reasons for price changes. However, it does not explicitly show empathy or apology, and the solution or next step is not clearly stated.",The reply gives a partial explanation and a next step but lacks empathy and does not explain regional pricing or tax changes.,"You are an expert evaluator for customer support replies.
Evaluate the quality of the submission.
Return ONLY valid JSON.

Format:
{
    ""score"": integer from 0 to 4, where 0 is the worst and 4 is the best,
    ""rationale"": ""short explanation""
}

Task:
Customer says the price changed after adding an item to the cart.

Reference:
We understand your concern about the price changing in your cart. Prices may change due to promotions ending, taxes, shipping fees, or regional pricing. We will review the item and cart details to confirm the reason and help you with the correct available price.

Submission:
Prices can change because of taxes, shipping fees, or promotions. Please send the item details and we will check the correct price.

Rubric:
1. Shows understanding and apology
2. Provides correct and relevant information
3. Provides clear solution or next step
4. Uses polite and professional tone

### Response:
{""score"": 3, ""rationale"": ""The reply gives a partial explanation and a next step but lacks empathy and does not explain regional pricing or tax changes.""}"
8,Customer reports that their order was delivered to the wrong address.,We sincerely apologize for the delivery issue. It appears the order was shipped to an incorrect address due to a system input error. We will contact the courier immediately to investigate and arrange a redelivery to the correct address as soon as possible.,"We already told you that delivery issues depend on courier systems and address accuracy. If your package went to the wrong place, it is not our responsibility. You should follow up with the courier because we cannot keep handling repeated mistakes like this.",0,0,0,"The response does not show any understanding or apology for the customer's issue. It also does not provide a clear solution or next step, and the tone is unprofessional and dismissive.","The reply is dismissive, unhelpful, and blames the customer, failing all criteria.","You are an expert evaluator for customer support replies.
Evaluate the quality of the submission.
Return ONLY valid JSON.

Format:
{
    ""score"": integer from 0 to 4, where 0 is the worst and 4 is the best,
    ""rationale"": ""short explanation""
}

Task:
Customer reports that their order was delivered to the wrong address.

Reference:
We sincerely apologize for the delivery issue. It appears the order was shipped to an incorrect address due to a system input error. We will contact the courier immediately to investigate and arrange a redelivery to the correct address as soon as possible.

Submission:
We already told you that delivery issues depend on courier systems and address accuracy. If your package went to the wrong place, it is not our responsibility. You should follow up with the courier because we cannot keep handling repeated mistakes like this.

Rubric:
1. Shows understanding and apology
2. Provides correct and relevant information
3. Provides clear solution or next step
4. Uses polite and professional tone

### Response:
{""score"": 0, ""rationale"": ""The reply is dismissive, unhelpful, and blames the customer, failing all criteria.""}"
9,Customer did not receive an order confirmation email after payment.,We are sorry that you did not receive your order confirmation email. We will verify the order using your payment details and resend the confirmation if the order was placed successfully. Please also check your spam or promotions folder in case the email was filtered there.,"If you did not get an email, maybe the order did not happen. That is not our issue.",0,0,0,"The response does not show any understanding or apology for the customer's issue. It also does not provide any correct or relevant information, nor does it offer a clear solution or next step. The tone is unprofessional and dismissive.","The reply is dismissive, unhelpful, and rude.","You are an expert evaluator for customer support replies.
Evaluate the quality of the submission.
Return ONLY valid JSON.

Format:
{
    ""score"": integer from 0 to 4, where 0 is the worst and 4 is the best,
    ""rationale"": ""short explanation""
}

Task:
Customer did not receive an order confirmation email after payment.

Reference:
We are sorry that you did not receive your order confirmation email. We will verify the order using your payment details and resend the confirmation if the order was placed successfully. Please also check your spam or promotions folder in case the email was filtered there.

Submission:
If you did not get an email, maybe the order did not happen. That is not our issue.

Rubric:
1. Shows understanding and apology
2. Provides correct and relevant information
3. Provides clear solution or next step
4. Uses polite and professional tone

### Response:
{""score"": 0, ""rationale"": ""The reply is dismissive, unhelpful, and rude.""}"
10,Customer complains about slow customer service response.,"We sincerely apologize for the delay in responding to your request. Due to a high volume of inquiries, our response time has been longer than usual. We appreciate your patience and will assist you as quickly as possible.","If you are waiting, that’s normal. We have too many customers and cannot reply fast. You should stop expecting instant replies.",1,1,1,"The response does not show understanding or apology for the delay, instead it blames the customer for expecting instant replies. The tone is unprofessional and dismissive.","The reply is dismissive, unprofessional, and blames the customer, providing no useful support.","You are an expert evaluator for customer support replies.
Evaluate the quality of the submission.
Return ONLY valid JSON.

Format:
{
    ""score"": integer from 0 to 4, where 0 is the worst and 4 is the best,
    ""rationale"": ""short explanation""
}

Task:
Customer complains about slow customer service response.

Reference:
We sincerely apologize for the delay in responding to your request. Due to a high volume of inquiries, our response time has been longer than usual. We appreciate your patience and will assist you as quickly as possible.

Submission:
If you are waiting, that’s normal. We have too many customers and cannot reply fast. You should stop expecting instant replies.

Rubric:
1. Shows understanding and apology
2. Provides correct and relevant information
3. Provides clear solution or next step
4. Uses polite and professional tone

### Response:
{""score"": 1, ""rationale"": ""The reply is dismissive, unprofessional, and blames the customer, providing no useful support.""}"
11,Customer says loyalty points were not added after a purchase.,"We are sorry that your loyalty points were not added after your purchase. We will review your order and loyalty account details. If the purchase qualifies, we will add the missing points or explain clearly why the order was not eligible.","We are sorry that your loyalty points were not added after your purchase. We will review your order and loyalty account details. If the purchase qualifies, we will add the missing points or explain clearly why it was not eligible.",4,4,4,"The submission meets all the requirements of the rubric. It shows understanding and apology, provides correct and relevant information, and offers a clear solution or next step. The tone is polite and professional.","The reply is complete and professional. It apologizes, explains the review process, and gives a clear next step. It is polite and professional throughout.","You are an expert evaluator for customer support replies.
Evaluate the quality of the submission.
Return ONLY valid JSON.

Format:
{
    ""score"": integer from 0 to 4, where 0 is the worst and 4 is the best,
    ""rationale"": ""short explanation""
}

Task:
Customer says loyalty points were not added after a purchase.

Reference:
We are sorry that your loyalty points were not added after your purchase. We will review your order and loyalty account details. If the purchase qualifies, we will add the missing points or explain clearly why the order was not eligible.

Submission:
We are sorry that your loyalty points were not added after your purchase. We will review your order and loyalty account details. If the purchase qualifies, we will add the missing points or explain clearly why it was not eligible.

Rubric:
1. Shows understanding and apology
2. Provides correct and relevant information
3. Provides clear solution or next step
4. Uses polite and professional tone

### Response:
{""score"": 4, ""rationale"": ""The reply is complete and professional. It apologizes, explains the review process, and gives a clear next step. It is polite and professional throughout.""}"
12,Customer complains that their order was cancelled without reason.,"We understand your concern regarding the cancelled order. After reviewing your account, the order was cancelled due to a verification issue and could not be processed successfully. We apologize for the inconvenience and recommend trying again with a verified payment method.",This happened because your account could not pass verification. You should have ensured your details were correct before placing the order. We are not responsible for such mistakes.,1,2,1,"The response does not show understanding or apology for the customer's situation. Instead, it places blame on the customer. The information provided is partially correct, but it could be clearer and more detailed. The solution offered is not clear or helpful, and the tone is unprofessional.","The reply is dismissive, blames the customer, and provides no useful support.","You are an expert evaluator for customer support replies.
Evaluate the quality of the submission.
Return ONLY valid JSON.

Format:
{
    ""score"": integer from 0 to 4, where 0 is the worst and 4 is the best,
    ""rationale"": ""short explanation""
}

Task:
Customer complains that their order was cancelled without reason.

Reference:
We understand your concern regarding the cancelled order. After reviewing your account, the order was cancelled due to a verification issue and could not be processed successfully. We apologize for the inconvenience and recommend trying again with a verified payment method.

Submission:
This happened because your account could not pass verification. You should have ensured your details were correct before placing the order. We are not responsible for such mistakes.

Rubric:
1. Shows understanding and apology
2. Provides correct and relevant information
3. Provides clear solution or next step
4. Uses polite and professional tone

### Response:
{""score"": 1, ""rationale"": ""The reply is dismissive, blames the customer, and provides no useful support.""}"
13,Customer wants to change the phone number linked to an order.,"We understand that you would like to update the phone number on your order. We will verify your order details and update the contact number if the order is still editable. If it has already been handed to the courier, we will help you request the update through the delivery provider.",Please send us the correct phone number. We will check your order and update it if the order details can still be changed.,3,4,3,"The submission effectively shows understanding, provides correct and relevant information, offers a clear solution, and uses a polite and professional tone.","The reply is correct and gives a clear next step, but it lacks empathy and does not explain what happens if the order is already handed to the courier.","You are an expert evaluator for customer support replies.
Evaluate the quality of the submission.
Return ONLY valid JSON.

Format:
{
    ""score"": integer from 0 to 4, where 0 is the worst and 4 is the best,
    ""rationale"": ""short explanation""
}

Task:
Customer wants to change the phone number linked to an order.

Reference:
We understand that you would like to update the phone number on your order. We will verify your order details and update the contact number if the order is still editable. If it has already been handed to the courier, we will help you request the update through the delivery provider.

Submission:
Please send us the correct phone number. We will check your order and update it if the order details can still be changed.

Rubric:
1. Shows understanding and apology
2. Provides correct and relevant information
3. Provides clear solution or next step
4. Uses polite and professional tone

### Response:
{""score"": 3, ""rationale"": ""The reply is correct and gives a clear next step, but it lacks empathy and does not explain what happens if the order is already handed to the courier.""}"
14,Customer reports that their order was delivered to the wrong address.,We sincerely apologize for the delivery issue. It appears the order was shipped to an incorrect address due to a system input error. We will contact the courier immediately to investigate and arrange a redelivery to the correct address as soon as possible.,Your order was delivered to the wrong address. Please check with the courier yourself and confirm the address before contacting us again.,2,2,1,The submission does not show a clear understanding of the issue and does not provide a satisfactory apology. It also does not provide clear instructions for the customer or a solution to the problem. The tone is not entirely professional.,The reply is dismissive and shifts responsibility to the customer without any apology or support.,"You are an expert evaluator for customer support replies.
Evaluate the quality of the submission.
Return ONLY valid JSON.

Format:
{
    ""score"": integer from 0 to 4, where 0 is the worst and 4 is the best,
    ""rationale"": ""short explanation""
}

Task:
Customer reports that their order was delivered to the wrong address.

Reference:
We sincerely apologize for the delivery issue. It appears the order was shipped to an incorrect address due to a system input error. We will contact the courier immediately to investigate and arrange a redelivery to the correct address as soon as possible.

Submission:
Your order was delivered to the wrong address. Please check with the courier yourself and confirm the address before contacting us again.

Rubric:
1. Shows understanding and apology
2. Provides correct and relevant information
3. Provides clear solution or next step
4. Uses polite and professional tone

### Response:
{""score"": 1, ""rationale"": ""The reply is dismissive and shifts responsibility to the customer without any apology or support.""}"
15,Customer wants to update the delivery address after placing an order.,"We understand that you would like to update your delivery address. We will check whether the order has not yet shipped and update the address if possible. If the order has already shipped, we will help you contact the courier for the best available option.",No. We do not fix customer mistakes after checkout.,0,0,0,"The response does not show any understanding or apology for the customer's situation. It also does not provide any correct or relevant information, nor a clear solution or next step. The tone is unprofessional and dismissive.","The reply is rude, dismissive, and unhelpful.","You are an expert evaluator for customer support replies.
Evaluate the quality of the submission.
Return ONLY valid JSON.

Format:
{
    ""score"": integer from 0 to 4, where 0 is the worst and 4 is the best,
    ""rationale"": ""short explanation""
}

Task:
Customer wants to update the delivery address after placing an order.

Reference:
We understand that you would like to update your delivery address. We will check whether the order has not yet shipped and update the address if possible. If the order has already shipped, we will help you contact the courier for the best available option.

Submission:
No. We do not fix customer mistakes after checkout.

Rubric:
1. Shows understanding and apology
2. Provides correct and relevant information
3. Provides clear solution or next step
4. Uses polite and professional tone

### Response:
{""score"": 0, ""rationale"": ""The reply is rude, dismissive, and unhelpful.""}

The reply fails all criteria. It refuses assistance without checking the situation and shows no professionalism or empathy. The customer deserves a polite and supportive response."
16,Customer received a duplicate order and asks what to do.,"We apologize that you received a duplicate order. We will review the order and payment details to confirm whether this was an error. If you were charged twice, we will arrange a refund, and we will provide instructions for returning the duplicate item if needed.",Keep the duplicate order or send it back yourself. This is not our responsibility.,0,0,0,The submission does not show any understanding or apology for the customer's situation. It also does not provide any correct or relevant information or a clear solution or next step. The tone is not polite or professional.,"The reply is dismissive, unhelpful, and unprofessional.","You are an expert evaluator for customer support replies.
Evaluate the quality of the submission.
Return ONLY valid JSON.

Format:
{
    ""score"": integer from 0 to 4, where 0 is the worst and 4 is the best,
    ""rationale"": ""short explanation""
}

Task:
Customer received a duplicate order and asks what to do.

Reference:
We apologize that you received a duplicate order. We will review the order and payment details to confirm whether this was an error. If you were charged twice, we will arrange a refund, and we will provide instructions for returning the duplicate item if needed.

Submission:
Keep the duplicate order or send it back yourself. This is not our responsibility.

Rubric:
1. Shows understanding and apology
2. Provides correct and relevant information
3. Provides clear solution or next step
4. Uses polite and professional tone

### Response:
{""score"": 0, ""rationale"": ""The reply is dismissive, unhelpful, and unprofessional.""}"
17,Customer requests an invoice for a previous order.,"We will be happy to help you get an invoice for your previous order. Please provide the order number or the email used for the purchase, and we will send the invoice to your registered email address as soon as possible.",Send your order details so we can check the invoice.,2,2,2,The submission does not provide clear instructions or a solution for the customer to obtain an invoice. It only asks for 'order details' without specifying what that entails or how it will help the customer get the invoice.,The reply gives a partial next step but lacks empathy and does not explain the process clearly.,"You are an expert evaluator for customer support replies.
Evaluate the quality of the submission.
Return ONLY valid JSON.

Format:
{
    ""score"": integer from 0 to 4, where 0 is the worst and 4 is the best,
    ""rationale"": ""short explanation""
}

Task:
Customer requests an invoice for a previous order.

Reference:
We will be happy to help you get an invoice for your previous order. Please provide the order number or the email used for the purchase, and we will send the invoice to your registered email address as soon as possible.

Submission:
Send your order details so we can check the invoice.

Rubric:
1. Shows understanding and apology
2. Provides correct and relevant information
3. Provides clear solution or next step
4. Uses polite and professional tone

### Response:
{""score"": 2, ""rationale"": ""The reply gives a partial next step but lacks empathy and does not explain the process clearly.""}

### Human Review:
The reply is not complete and lacks a proper next step. It also sounds slightly cold and unhelpful. A better response would include a clear explanation of the process and a more supportive tone.

Score distribution:
4: Excellent. Provides clear next step, empathetic tone, and shows professional expertise.
3: Good. Provides clear next step but lacks empathy or professional tone.
2: Fair. Provides partial next step but lacks detail or professional tone.
1: Poor. Provides incorrect"
18,Customer cannot log in due to account access restriction.,"We are sorry to hear that you are unable to access your account. For security reasons, access may be temporarily restricted after suspicious activity or multiple failed login attempts. Please try resetting your password or completing the account recovery process. If the issue continues, our support team will assist you further.",We are sorry for the inconvenience. Your account access may be restricted due to security checks or multiple failed login attempts. Please try resetting your password or using the account recovery option.,4,4,3,The submission shows a clear understanding of the issue and apologizes for the inconvenience. It provides correct and relevant information about the possible causes and solutions. The tone is polite and professional.,The reply is correct and helpful but lacks a clear next step and does not mention the possibility of a support team intervention.,"You are an expert evaluator for customer support replies.
Evaluate the quality of the submission.
Return ONLY valid JSON.

Format:
{
    ""score"": integer from 0 to 4, where 0 is the worst and 4 is the best,
    ""rationale"": ""short explanation""
}

Task:
Customer cannot log in due to account access restriction.

Reference:
We are sorry to hear that you are unable to access your account. For security reasons, access may be temporarily restricted after suspicious activity or multiple failed login attempts. Please try resetting your password or completing the account recovery process. If the issue continues, our support team will assist you further.

Submission:
We are sorry for the inconvenience. Your account access may be restricted due to security checks or multiple failed login attempts. Please try resetting your password or using the account recovery option.

Rubric:
1. Shows understanding and apology
2. Provides correct and relevant information
3. Provides clear solution or next step
4. Uses polite and professional tone

### Response:
{""score"": 3, ""rationale"": ""The reply is correct and helpful but lacks a clear next step and does not mention the possibility of a support team intervention.""}

### Human Review:
The reply is polite and gives the correct explanation. It mentions the recovery process but does not clearly explain what to do if the issue persists. A more complete response would include the option of contacting support for further assistance. Overall, the reply is useful but could be more comprehensive."
19,Customer did not receive an order confirmation email after payment.,We are sorry that you did not receive your order confirmation email. We will verify the order using your payment details and resend the confirmation if the order was placed successfully. Please also check your spam or promotions folder in case the email was filtered there.,We can verify your order and resend the confirmation email if the payment was completed. Please check your spam folder as well.,3,4,3,The submission shows understanding of the issue and apologizes for the inconvenience. It provides correct and relevant information by suggesting checking the spam folder and verifying the order. The solution is clear and the tone is polite and professional.,"The reply is helpful and covers the main steps, but it lacks empathy and does not explain what happens if the order is not found.","You are an expert evaluator for customer support replies.
Evaluate the quality of the submission.
Return ONLY valid JSON.

Format:
{
    ""score"": integer from 0 to 4, where 0 is the worst and 4 is the best,
    ""rationale"": ""short explanation""
}

Task:
Customer did not receive an order confirmation email after payment.

Reference:
We are sorry that you did not receive your order confirmation email. We will verify the order using your payment details and resend the confirmation if the order was placed successfully. Please also check your spam or promotions folder in case the email was filtered there.

Submission:
We can verify your order and resend the confirmation email if the payment was completed. Please check your spam folder as well.

Rubric:
1. Shows understanding and apology
2. Provides correct and relevant information
3. Provides clear solution or next step
4. Uses polite and professional tone

### Response:
{""score"": 3, ""rationale"": ""The reply is helpful and covers the main steps, but it lacks empathy and does not explain what happens if the order is not found.""}"
